<?xml version="1.0" encoding="utf-8"?>
<presentation lang="fr_FR">
	<nommodule>, la Corbeille pour Dolibarr</nommodule>
	<para imgsrc="https://www.dolistore.com/7707-thickbox_default/Corbeille-pour-Dolibarr-10-0-15-X.jpg">
		<titre>La Corbeille de Dolibarr</titre>
		Une erreur de suppression avec Corbeile vous ne perdrez plus vos fichiers. Ils seront dans la Corbeille afin que vous puissiez les récupérer.
		<para imgsrc="https://www.dolistore.com/fr/ged-gestion-electronique-de-documents/1626-Corbeille-pour-Dolibarr-10-0-15-X.html?search_query=netlogic&results=5">
			<titre>Corbeille pour Dolibarr</titre>
		Permet de récupérer des fichiers supprimés
		Simple d'utilisation, il suffit de cliquer sur l'icone
		</para>
	</para>
</presentation>
<additionalmodules>
	<module name="email"/>
	<module name="captcha"/>
</additionalmodules>
